str(cost)+,+str(overCapacity)+,+str(Elapsed)+,+str(itt)+,+str(reset)+
2119,8.70148889828,1.90499997139,7040,196
2112,15.9463178264,3.125,11651,185
