str(cost)+,+str(overCapacity)+,+str(Elapsed)+,+str(itt)+,+str(reset)+
2504,33.1936238457,1.74000000954,6505,170
2666,35.1544177678,1.02099990845,3815,149
