str(cost)+,+str(overCapacity)+,+str(Elapsed)+,+str(itt)+,+str(reset)+
3676,13.9610401438,1.20000004768,4461,154
3579,34.9996648074,1.50199985504,5503,141
