Cost,Reset,Iterations,Solved,TimeInHC,TotalOvercap,board,uniqueSolutions
3452.66666667,160.333333333,42544.6666667,1,0.434666713079,77.3647193657,finalBoard1,0
